{
    "name": "Choose the best city to live in",
    "criteria": ["Culture", "Family", "Housing", "Job", "Transport"],
    "alternatives": ["A", "B", "C", "D", "E"],
    "preferenceMatrices": {
        "Purpose": [
            [1, 3, 3, 5, 5],
            [0.3333333333333333, 1, 3, 3, 3],
            [0.3333333333333333, 0.3333333333333333, 1, 3, 5],
            [0.2, 0.3333333333333333, 0.3333333333333333, 1, 3],
            [0.2, 0.3333333333333333, 0.2, 0.3333333333333333, 1]
        ],
        "Culture": [
            [1, 0.3333333333333333, 0.3333333333333333, 0.1111111111111111, 0.1111111111111111],
            [3, 1, 0.3333333333333333, 0.1111111111111111, 0.1111111111111111],
            [3, 3, 1, 0.1428571429, 0.1428571429],
            [9, 9, 7, 1, 1],
            [9, 9, 7, 1, 1]
        ],
        "Family": [
            [1, 0.2, 0.1428571429, 0.1111111111111111, 0.1111111111111111],
            [5, 1, 0.1428571429, 0.1111111111111111, 0.1111111111111111],
            [7, 7, 1, 0.3333333333333333, 0.3333333333333333],
            [9, 9, 3, 1, 1],
            [9, 9, 3, 1, 1]
        ],
        "Housing": [
            [1, 0.3333333333333333, 0.2, 0.1111111111111111, 0.1428571429],
            [3, 1, 0.3333333333333333, 0.1111111111111111, 0.1428571429],
            [5, 3, 1, 0.1428571429, 0.3333333333333333],
            [9, 9, 7, 1, 2],
            [7, 7, 3, 0.5, 1]
        ],
        "Job": [
            [1, 0.3333333333333333, 0.2, 0.1111111111111111, 0.1111111111111111],
            [3, 1, 0.1428571429, 0.1111111111111111, 0.1428571429],
            [5, 7, 1, 0.2, 0.3333333333333333],
            [9, 9, 5, 1, 3],
            [9, 7, 3, 0.3333333333333333, 1]
        ],
        "Transport": [
            [1, 3, 5, 7, 9],
            [0.3333333333333333, 1, 3, 5, 9],
            [0.2, 0.3333333333333333, 1, 3, 5],
            [0.1428571429, 0.2, 0.3333333333333333, 1, 5],
            [0.1111111111111111, 0.1111111111111111, 0.2, 0.2, 1]
        ]
    }
}